Country Or Territory,Total City Population *,Year,Air Pollutant,Populated Area [km2],Air Pollution Average [ug/m3],Air Pollution Population Weighted Average [ug/m3],Premature Deaths
Austria,2405646,2005,NO2,446,30.3,32.8,903
Belgium,3030639,2005,NO2,745,32.4,35.1,1340
Bulgaria,3010927,2005,NO2,384,23.3,24.9,1225
Croatia,1100013,2005,NO2,195,26.6,28.0,429
Cyprus,418267,2005,NO2,131,20.3,21.0,61
Czechia,2464143,2005,NO2,536,26.4,27.6,831
Denmark,1490619,2005,NO2,400,22.5,24.1,394
Estonia,522560,2005,NO2,103,16.4,17.4,87
Finland,1188485,2005,NO2,427,21.1,21.9,230
France,21150065,2005,NO2,4382,29.9,34.2,7742
Germany,25479567,2005,NO2,6769,29.2,30.7,9800
Greece,5028484,2005,NO2,557,33.8,38.5,2510
Hungary,2785270,2005,NO2,577,26.4,28.3,1234
Ireland,1220552,2005,NO2,392,19.3,20.5,158
Italy,17439676,2005,NO2,4002,38.7,42.1,9965
Latvia,741235,2005,NO2,138,22.7,24.1,267
Lithuania,1068433,2005,NO2,181,19.8,20.8,258
Luxembourg,83390,2005,NO2,28,33.5,34.1,28
Malta,248805,2005,NO2,57,21.8,23.8,50
Netherlands,7635924,2005,NO2,1885,31.4,32.7,2642
Poland,11415909,2005,NO2,2178,23.0,24.3,2814
Portugal,3342853,2005,NO2,712,27.3,29.4,1213
Romania,6911176,2005,NO2,849,24.9,27.7,2698
Slovakia,745077,2005,NO2,159,22.8,23.8,181
Slovenia,289579,2005,NO2,76,27.9,29.3,91
Spain,21279144,2005,NO2,2439,29.8,34.3,8378
Sweden,2680823,2005,NO2,778,18.7,20.0,505
Austria,2405646,2005,O3,446,5315.4,5352.2,128
Belgium,3030639,2005,O3,745,2615.6,2477.7,80
Bulgaria,3010927,2005,O3,384,3982.8,3810.8,193
Croatia,1100013,2005,O3,195,5961.4,5992.8,87
Cyprus,418267,2005,O3,131,7568.4,7542.7,25
Czechia,2464143,2005,O3,536,5512.3,5460.2,154
Denmark,1490619,2005,O3,400,1910.1,1850.5,32
Estonia,522560,2005,O3,103,2016.6,1987.7,14
Finland,1188485,2005,O3,427,2094.1,2056.6,24
France,21150065,2005,O3,4382,4045.5,3814.6,753
Germany,25479567,2005,O3,6769,3385.0,3389.3,975
Greece,5028484,2005,O3,557,7240.7,7038.2,381
Hungary,2785270,2005,O3,577,5372.1,5311.0,219
Ireland,1220552,2005,O3,392,1233.5,1193.9,12
Italy,17439676,2005,O3,4002,7265.2,7011.8,1348
Latvia,741235,2005,O3,138,1486.8,1338.7,15
Lithuania,1068433,2005,O3,181,3316.7,3307.2,49
Luxembourg,83390,2005,O3,28,2617.6,2604.1,2
Malta,248805,2005,O3,57,7024.2,6957.2,15
Netherlands,7635924,2005,O3,1885,2419.2,2367.3,165
Poland,11415909,2005,O3,2178,4398.2,4352.9,522
Portugal,3342853,2005,O3,712,4545.6,4441.9,170
Romania,6911176,2005,O3,849,4278.5,4200.5,398
Slovakia,745077,2005,O3,159,5775.6,5752.5,46
Slovenia,289579,2005,O3,76,5616.5,5554.4,16
Spain,21279144,2005,O3,2439,5544.7,5211.5,1109
Sweden,2680823,2005,O3,778,2395.9,2381.8,72
Austria,2405646,2005,PM2.5,446,21.6,22.0,2504
Belgium,3030639,2005,PM2.5,745,19.0,19.3,2875
Bulgaria,3010927,2005,PM2.5,384,34.2,34.6,8572
Croatia,1100013,2005,PM2.5,195,25.5,25.5,1791
Cyprus,418267,2005,PM2.5,131,29.5,29.6,486
Czechia,2464143,2005,PM2.5,536,24.4,24.6,3390
Denmark,1490619,2005,PM2.5,400,13.4,13.2,873
Estonia,522560,2005,PM2.5,103,13.0,13.0,359
Finland,1188485,2005,PM2.5,427,10.3,10.4,399
France,21150065,2005,PM2.5,4382,17.4,18.0,15803
Germany,25479567,2005,PM2.5,6769,17.1,17.3,22047
Greece,5028484,2005,PM2.5,557,29.2,30.6,8154
Hungary,2785270,2005,PM2.5,577,26.1,26.2,5246
Ireland,1220552,2005,PM2.5,392,8.8,9.0,229
Italy,17439676,2005,PM2.5,4002,26.7,26.7,24896
Latvia,741235,2005,PM2.5,138,22.0,22.2,1211
Lithuania,1068433,2005,PM2.5,181,17.9,17.9,1153
Luxembourg,83390,2005,PM2.5,28,16.6,16.7,51
Malta,248805,2005,PM2.5,57,21.6,21.7,223
Netherlands,7635924,2005,PM2.5,1885,17.9,18.0,5720
Poland,11415909,2005,PM2.5,2178,24.4,24.6,13998
Portugal,3342853,2005,PM2.5,712,20.6,20.8,3684
Romania,6911176,2005,PM2.5,849,33.1,33.2,15309
Slovakia,745077,2005,PM2.5,159,24.5,24.5,931
Slovenia,289579,2005,PM2.5,76,25.5,25.6,357
Spain,21279144,2005,PM2.5,2439,19.2,19.8,19250
Sweden,2680823,2005,PM2.5,778,11.6,11.8,1315
Austria,2421172,2006,O3,446,5581.5,5608.0,135
Belgium,3049654,2006,O3,745,3850.6,3871.9,126
Bulgaria,2987742,2006,O3,384,3863.2,3754.5,190
Croatia,1100430,2006,O3,195,6569.2,6536.5,93
Cyprus,408121,2006,O3,126,5081.1,5089.3,15
Czechia,2470116,2006,O3,536,5611.7,5563.9,153
Denmark,1495043,2006,O3,400,3254.0,3187.1,53
Estonia,519426,2006,O3,103,3281.2,3295.3,24
Finland,1192790,2006,O3,427,2726.2,2697.3,32
France,21303965,2006,O3,4382,4721.3,4579.8,880
Germany,25460172,2006,O3,6769,4563.4,4571.2,1296
Greece,5044440,2006,O3,557,6502.9,6370.8,350
Hungary,2779487,2006,O3,577,5076.4,5013.1,201
Ireland,1249196,2006,O3,392,1969.5,1924.7,18
Italy,17496770,2006,O3,4002,8213.8,8039.3,1514
Latvia,734037,2006,O3,138,3156.7,3039.6,36
Lithuania,1047613,2006,O3,181,4119.0,4108.0,61
Luxembourg,84810,2006,O3,28,4950.7,4952.6,4
Malta,250245,2006,O3,57,7761.1,7732.3,17
Netherlands,7649360,2006,O3,1885,3161.7,3090.8,220
Poland,11410892,2006,O3,2178,4928.2,4861.1,588
Portugal,3348368,2006,O3,712,4262.6,4214.0,153
Romania,6870659,2006,O3,849,3983.9,3832.6,356
Slovakia,745112,2006,O3,159,5955.8,5932.9,48
Slovenia,290415,2006,O3,76,6664.2,6446.3,18
Spain,21629874,2006,O3,2439,5560.9,5427.6,1109
Sweden,2691640,2006,O3,778,3225.9,3173.2,96
Austria,2429586,2007,O3,446,5673.0,5810.1,138
Belgium,3070875,2007,O3,745,2191.0,2129.7,67
Bulgaria,2965540,2007,O3,384,4911.1,4777.2,241
Croatia,1100694,2007,O3,195,6337.9,6307.5,93
Cyprus,432445,2007,O3,131,6962.1,6911.6,23
Czechia,2477522,2007,O3,536,4746.2,4691.2,131
Denmark,1500450,2007,O3,400,2180.7,2163.6,38
Estonia,516435,2007,O3,103,1983.9,2000.5,14
Finland,1197640,2007,O3,427,1280.8,1274.8,14
France,21443942,2007,O3,4382,3429.1,3286.1,637
Germany,25422206,2007,O3,6769,3342.7,3365.9,967
Greece,5058784,2007,O3,557,8154.7,8192.4,466
Hungary,2776611,2007,O3,577,6372.0,6372.9,257
Ireland,1288368,2007,O3,392,997.3,956.8,9
Italy,17544848,2007,O3,4002,7405.6,7177.7,1385
Latvia,727764,2007,O3,138,2189.8,2164.0,25
Lithuania,1034922,2007,O3,181,2556.7,2539.7,39
Luxembourg,86094,2007,O3,28,3344.9,3343.7,3
Malta,250626,2007,O3,57,7114.6,7066.1,15
Netherlands,7660494,2007,O3,1885,1717.0,1652.2,118
Poland,11401455,2007,O3,2178,3883.4,3825.2,468
Portugal,3354934,2007,O3,712,4147.4,4121.4,154
Romania,6829767,2007,O3,849,5134.4,4987.6,456
Slovakia,745147,2007,O3,159,5920.6,5918.4,48
Slovenia,291433,2007,O3,76,6113.4,5985.3,17
Spain,22010634,2007,O3,2439,5702.4,5651.4,1202
Sweden,2711128,2007,O3,778,1632.9,1639.4,50
Austria,2429586,2007,PM2.5,446,16.9,17.3,1831
Belgium,3070875,2007,PM2.5,745,15.9,16.1,2194
Bulgaria,2965540,2007,PM2.5,384,30.5,30.9,7640
Croatia,1100694,2007,PM2.5,195,20.2,20.2,1379
Cyprus,432445,2007,PM2.5,131,23.7,23.7,377
Czechia,2477522,2007,PM2.5,536,17.6,17.8,2192
Denmark,1500450,2007,PM2.5,400,12.1,12.1,771
Estonia,516435,2007,PM2.5,103,10.8,10.8,265
Finland,1197640,2007,PM2.5,427,9.9,9.8,373
France,21443942,2007,PM2.5,4382,15.4,15.7,12898
Germany,25422206,2007,PM2.5,6769,13.9,14.0,16187
Greece,5058784,2007,PM2.5,557,22.2,22.2,5972
Hungary,2776611,2007,PM2.5,577,19.7,19.7,3670
Ireland,1288368,2007,PM2.5,392,6.8,6.8,106
Italy,17544848,2007,PM2.5,4002,22.3,22.1,20065
Latvia,727764,2007,PM2.5,138,13.2,13.2,604
Lithuania,1034922,2007,PM2.5,181,14.8,14.8,926
Luxembourg,86094,2007,PM2.5,28,13.2,13.2,39
Malta,250626,2007,PM2.5,57,17.6,17.6,169
Netherlands,7660494,2007,PM2.5,1885,16.4,16.5,4976
Poland,11401455,2007,PM2.5,2178,20.8,20.8,11808
Portugal,3354934,2007,PM2.5,712,15.6,15.6,2434
Romania,6829767,2007,PM2.5,849,26.6,26.7,11679
Slovakia,745147,2007,PM2.5,159,19.9,19.8,727
Slovenia,291433,2007,PM2.5,76,18.6,18.6,240
Spain,22010634,2007,PM2.5,2439,17.7,17.9,16926
Sweden,2711128,2007,PM2.5,778,10.4,10.5,1055
Austria,2436921,2008,O3,446,4845.0,4954.0,119
Belgium,3094762,2008,O3,745,2432.6,2488.7,81
Bulgaria,2944128,2008,O3,384,5141.9,5035.1,248
Croatia,1100297,2008,O3,195,5451.8,5429.1,79
Cyprus,442953,2008,O3,131,7921.7,7926.1,26
Czechia,2499074,2008,O3,536,4181.5,4161.0,114
Denmark,1508355,2008,O3,400,2791.0,2757.7,46
Estonia,514712,2008,O3,103,2086.7,2080.5,15
Finland,1202981,2008,O3,427,1887.2,1893.9,23
France,21565973,2008,O3,4382,3326.0,3178.9,630
Germany,25392272,2008,O3,6769,3521.3,3526.6,1027
Greece,5070211,2008,O3,557,9910.4,10208.3,571
Hungary,2770886,2008,O3,577,5540.4,5515.1,218
Ireland,1323291,2008,O3,392,1493.8,1439.2,13
Italy,17674162,2008,O3,4002,6209.0,6035.5,1197
Latvia,722154,2008,O3,138,2039.3,1940.1,21
Lithuania,1023017,2008,O3,181,3119.3,3131.6,45
Luxembourg,87471,2008,O3,28,3545.4,3544.6,3
Malta,251995,2008,O3,57,6460.1,6414.2,14
Netherlands,7682702,2008,O3,1885,2023.1,1983.9,138
Poland,11398510,2008,O3,2178,3680.6,3639.4,450
Portugal,3361541,2008,O3,712,3012.6,3051.2,113
Romania,6669762,2008,O3,849,4495.0,4324.6,395
Slovakia,745546,2008,O3,159,5214.5,5186.9,42
Slovenia,291417,2008,O3,76,5326.9,5194.2,15
Spain,22445234,2008,O3,2439,4833.3,4694.8,1005
Sweden,2731854,2008,O3,778,2262.0,2265.1,69
Austria,2436921,2008,PM2.5,446,18.3,19.1,2106
Belgium,3094762,2008,PM2.5,745,17.7,18.1,2679
Bulgaria,2944128,2008,PM2.5,384,34.4,34.9,8483
Croatia,1100297,2008,PM2.5,195,19.8,19.8,1335
Cyprus,442953,2008,PM2.5,131,26.3,26.3,415
Czechia,2499074,2008,PM2.5,536,18.5,18.7,2345
Denmark,1508355,2008,PM2.5,400,11.4,11.3,675
Estonia,514712,2008,PM2.5,103,8.9,8.8,166
Finland,1202981,2008,PM2.5,427,8.3,8.3,251
France,21565973,2008,PM2.5,4382,16.0,16.3,14004
Germany,25392272,2008,PM2.5,6769,15.0,15.1,18512
Greece,5070211,2008,PM2.5,557,24.0,24.3,6541
Hungary,2770886,2008,PM2.5,577,20.0,20.2,3694
Ireland,1323291,2008,PM2.5,392,10.0,10.0,260
Italy,17674162,2008,PM2.5,4002,21.6,21.4,19876
Latvia,722154,2008,PM2.5,138,19.7,19.7,999
Lithuania,1023017,2008,PM2.5,181,16.2,16.2,1012
Luxembourg,87471,2008,PM2.5,28,14.9,14.9,44
Malta,251995,2008,PM2.5,57,15.0,15.1,142
Netherlands,7682702,2008,PM2.5,1885,17.5,17.6,5542
Poland,11398510,2008,PM2.5,2178,23.0,23.0,13372
Portugal,3361541,2008,PM2.5,712,12.4,12.3,1710
Romania,6669762,2008,PM2.5,849,25.0,25.2,10984
Slovakia,745546,2008,PM2.5,159,21.2,21.4,787
Slovenia,291417,2008,PM2.5,76,19.6,19.8,257
Spain,22445234,2008,PM2.5,2439,15.0,15.3,13610
Sweden,2731854,2008,PM2.5,778,9.6,9.7,908
Austria,2444845,2009,NO2,446,27.8,30.3,835
Belgium,3119777,2009,NO2,745,30.0,33.0,1237
Bulgaria,2924206,2009,NO2,384,27.3,29.1,1501
Croatia,1099741,2009,NO2,195,23.2,24.5,354
Cyprus,454705,2009,NO2,131,23.9,24.4,77
Czechia,2518971,2009,NO2,536,23.7,25.0,710
Denmark,1518179,2009,NO2,400,18.6,20.0,280
Estonia,513672,2009,NO2,103,13.9,14.9,55
Finland,1208843,2009,NO2,427,17.2,18.1,165
France,21681612,2009,NO2,4382,27.6,32.1,7213
Germany,25325838,2009,NO2,6769,28.3,29.9,9709
Greece,5085708,2009,NO2,557,32.2,36.7,2431
Hungary,2766906,2009,NO2,577,24.7,26.5,1082
Ireland,1342159,2009,NO2,392,21.6,22.9,195
Italy,17778925,2009,NO2,4002,35.4,38.2,9201
Latvia,712606,2009,NO2,138,18.7,19.7,172
Lithuania,1013865,2009,NO2,181,15.8,16.7,157
Luxembourg,89225,2009,NO2,28,29.9,30.6,24
Malta,253907,2009,NO2,57,14.0,15.1,19
Netherlands,7720338,2009,NO2,1885,28.9,30.2,2320
Poland,11404557,2009,NO2,2178,21.8,23.2,2727
Portugal,3364621,2009,NO2,712,25.5,27.5,1072
Romania,6606679,2009,NO2,849,26.6,29.2,2898
Slovakia,746424,2009,NO2,159,25.6,26.3,210
Slovenia,294619,2009,NO2,76,26.3,27.5,83
Spain,22725526,2009,NO2,2439,26.1,30.5,7117
Sweden,2753695,2009,NO2,778,16.3,17.9,398
Austria,2444845,2009,O3,446,4590.3,4675.3,116
Belgium,3119777,2009,O3,745,2402.5,2244.1,73
Bulgaria,2924206,2009,O3,384,4754.8,4632.1,221
Croatia,1099741,2009,O3,195,5337.8,5306.7,79
Cyprus,454705,2009,O3,131,9664.1,9651.0,32
Czechia,2518971,2009,O3,536,4075.3,4065.8,118
Denmark,1518179,2009,O3,400,2006.4,1959.8,33
Estonia,513672,2009,O3,103,1650.4,1634.5,11
Finland,1208843,2009,O3,427,1414.6,1449.0,18
France,21681612,2009,O3,4382,3582.0,3354.5,676
Germany,25325838,2009,O3,6769,3201.0,3197.4,948
Greece,5085708,2009,O3,557,7537.9,7345.5,413
Hungary,2766906,2009,O3,577,6728.6,6670.4,266
Ireland,1342159,2009,O3,392,1160.1,1110.8,10
Italy,17778925,2009,O3,4002,6683.8,6369.3,1277
Latvia,712606,2009,O3,138,1388.8,1357.5,15
Lithuania,1013865,2009,O3,181,2218.2,2196.1,32
Luxembourg,89225,2009,O3,28,1978.1,1972.6,1
Malta,253907,2009,O3,57,5892.2,5859.7,13
Netherlands,7720338,2009,O3,1885,2212.8,2151.9,151
Poland,11404557,2009,O3,2178,3429.3,3390.4,426
Portugal,3364621,2009,O3,712,4195.3,4229.8,157
Romania,6606679,2009,O3,849,4524.7,4429.6,410
Slovakia,746424,2009,O3,159,5919.1,5914.9,46
Slovenia,294619,2009,O3,76,4431.9,4247.3,13
Spain,22725526,2009,O3,2439,5298.6,5074.9,1077
Sweden,2753695,2009,O3,778,1906.5,1899.9,55
Austria,2444845,2009,PM2.5,446,17.7,18.0,2010
Belgium,3119777,2009,PM2.5,745,19.2,19.6,2948
Bulgaria,2924206,2009,PM2.5,384,30.3,30.6,7219
Croatia,1099741,2009,PM2.5,195,21.5,21.8,1511
Cyprus,454705,2009,PM2.5,131,21.5,21.7,331
Czechia,2518971,2009,PM2.5,536,19.8,20.0,2633
Denmark,1518179,2009,PM2.5,400,11.5,11.4,688
Estonia,513672,2009,PM2.5,103,7.8,7.9,122
Finland,1208843,2009,PM2.5,427,8.4,8.5,268
France,21681612,2009,PM2.5,4382,17.7,18.5,16655
Germany,25325838,2009,PM2.5,6769,16.5,16.6,21540
Greece,5085708,2009,PM2.5,557,25.6,26.9,7352
Hungary,2766906,2009,PM2.5,577,21.1,21.3,3965
Ireland,1342159,2009,PM2.5,392,9.5,9.7,274
Italy,17778925,2009,PM2.5,4002,21.3,21.2,19778
Latvia,712606,2009,PM2.5,138,17.4,17.6,832
Lithuania,1013865,2009,PM2.5,181,13.8,13.7,774
Luxembourg,89225,2009,PM2.5,28,17.2,17.2,54
Malta,253907,2009,PM2.5,57,16.7,16.7,163
Netherlands,7720338,2009,PM2.5,1885,17.3,17.3,5380
Poland,11404557,2009,PM2.5,2178,23.4,23.6,14037
Portugal,3364621,2009,PM2.5,712,14.8,15.2,2373
Romania,6606679,2009,PM2.5,849,21.7,21.9,9442
Slovakia,746424,2009,PM2.5,159,20.8,20.8,758
Slovenia,294619,2009,PM2.5,76,22.5,22.9,315
Spain,22725526,2009,PM2.5,2439,15.3,15.6,14075
Sweden,2753695,2009,PM2.5,778,8.3,8.6,683
Austria,2449723,2010,NO2,446,29.1,32.0,899
Belgium,3144965,2010,NO2,745,30.8,33.5,1279
Bulgaria,2906441,2010,NO2,384,25.0,26.8,1350
Croatia,1097969,2010,NO2,195,25.1,26.5,398
Cyprus,467377,2010,NO2,131,19.3,20.4,55
Czechia,2527742,2010,NO2,536,25.1,26.4,770
Denmark,1524594,2010,NO2,400,18.8,20.5,294
Estonia,512730,2010,NO2,103,15.0,16.0,66
Finland,1214543,2010,NO2,427,18.5,19.3,192
France,21785655,2010,NO2,4382,27.7,31.8,7185
Germany,25264126,2010,NO2,6769,28.0,29.8,9696
Greece,5096959,2010,NO2,557,25.4,29.0,1767
Hungary,2762313,2010,NO2,577,27.0,28.9,1244
Ireland,1350501,2010,NO2,392,22.7,24.3,205
Italy,17836054,2010,NO2,4002,32.3,35.0,8141
Latvia,698661,2010,NO2,138,22.1,23.4,238
Lithuania,1000527,2010,NO2,181,17.3,18.3,197
Luxembourg,90773,2010,NO2,28,28.8,29.7,24
Malta,255823,2010,NO2,57,15.2,16.8,24
Netherlands,7762113,2010,NO2,1885,28.6,29.8,2315
Poland,11370771,2010,NO2,2178,23.0,24.3,2923
Portugal,3367956,2010,NO2,712,25.4,27.2,1076
Romania,6559622,2010,NO2,849,26.6,29.3,2948
Slovakia,747534,2010,NO2,159,23.2,24.1,186
Slovenia,296739,2010,NO2,76,26.0,27.6,84
Spain,22847104,2010,NO2,2439,25.5,29.9,6853
Sweden,2778784,2010,NO2,778,19.0,20.5,521
Austria,2449723,2010,O3,446,4514.3,4533.3,113
Belgium,3144965,2010,O3,745,2361.8,2326.9,78
Bulgaria,2906441,2010,O3,384,3807.7,3706.3,183
Croatia,1097969,2010,O3,195,4821.8,4753.0,71
Cyprus,467377,2010,O3,131,7076.8,7092.4,22
Czechia,2527742,2010,O3,536,3915.1,3883.3,110
Denmark,1524594,2010,O3,400,2001.2,1990.6,33
Estonia,512730,2010,O3,103,2885.2,2915.8,19
Finland,1214543,2010,O3,427,2148.5,2187.8,28
France,21785655,2010,O3,4382,3860.5,3751.2,754
Germany,25264126,2010,O3,6769,3440.9,3444.5,1017
Greece,5096959,2010,O3,557,7849.0,7888.2,446
Hungary,2762313,2010,O3,577,3970.0,3918.4,156
Ireland,1350501,2010,O3,392,1001.7,956.9,7
Italy,17836054,2010,O3,4002,6265.1,6057.7,1210
Latvia,698661,2010,O3,138,2137.0,2051.5,22
Lithuania,1000527,2010,O3,181,2188.4,2152.4,30
Luxembourg,90773,2010,O3,28,3290.6,3287.1,2
Malta,255823,2010,O3,57,6669.9,6606.6,14
Netherlands,7762113,2010,O3,1885,1802.3,1747.4,122
Poland,11370771,2010,O3,2178,2936.0,2874.4,360
Portugal,3367956,2010,O3,712,4247.2,4317.4,164
Romania,6559622,2010,O3,849,2223.4,2171.3,205
Slovakia,747534,2010,O3,159,4576.1,4539.7,37
Slovenia,296739,2010,O3,76,5380.9,5124.4,15
Spain,22847104,2010,O3,2439,5759.8,5665.3,1192
Sweden,2778784,2010,O3,778,1844.1,1830.2,57
Austria,2449723,2010,PM2.5,446,20.1,21.0,2436
Belgium,3144965,2010,PM2.5,745,19.2,19.6,2994
Bulgaria,2906441,2010,PM2.5,384,28.6,28.9,6950
Croatia,1097969,2010,PM2.5,195,21.7,21.7,1505
Cyprus,467377,2010,PM2.5,131,22.7,22.7,340
Czechia,2527742,2010,PM2.5,536,22.8,23.0,3100
Denmark,1524594,2010,PM2.5,400,11.7,11.7,710
Estonia,512730,2010,PM2.5,103,9.3,9.2,177
Finland,1214543,2010,PM2.5,427,8.6,8.6,292
France,21785655,2010,PM2.5,4382,17.7,18.1,16354
Germany,25264126,2010,PM2.5,6769,17.3,17.4,23089
Greece,5096959,2010,PM2.5,557,21.8,22.1,5911
Hungary,2762313,2010,PM2.5,577,22.2,22.5,4262
Ireland,1350501,2010,PM2.5,392,11.3,11.3,349
Italy,17836054,2010,PM2.5,4002,19.6,19.5,17769
Latvia,698661,2010,PM2.5,138,17.3,17.4,828
Lithuania,1000527,2010,PM2.5,181,17.9,17.9,1139
Luxembourg,90773,2010,PM2.5,28,16.2,16.2,51
Malta,255823,2010,PM2.5,57,13.9,14.0,118
Netherlands,7762113,2010,PM2.5,1885,17.9,17.9,5708
Poland,11370771,2010,PM2.5,2178,29.0,29.0,17528
Portugal,3367956,2010,PM2.5,712,11.3,11.2,1483
Romania,6559622,2010,PM2.5,849,18.8,19.3,8190
Slovakia,747534,2010,PM2.5,159,22.1,22.1,830
Slovenia,296739,2010,PM2.5,76,20.6,20.6,276
Spain,22847104,2010,PM2.5,2439,12.7,13.0,10597
Sweden,2778784,2010,PM2.5,778,8.3,8.5,665
Austria,2456627,2011,O3,446,5108.4,5224.5,129
Belgium,3191601,2011,O3,745,2577.7,2545.1,85
Bulgaria,2885947,2011,O3,384,4224.7,4124.0,200
Croatia,1094653,2011,O3,195,5755.7,5692.4,82
Cyprus,479137,2011,O3,131,8358.5,8374.0,28
Czechia,2533698,2011,O3,536,4285.0,4235.0,120
Denmark,1531725,2011,O3,400,2673.0,2688.0,44
Estonia,511334,2011,O3,103,2273.3,2283.6,15
Finland,1219955,2011,O3,427,1992.5,1973.4,24
France,21893599,2011,O3,4382,4151.6,4025.6,804
Germany,24776402,2011,O3,6769,3352.9,3362.4,997
Greece,5098841,2011,O3,557,9354.8,9433.5,543
Hungary,2754426,2011,O3,577,5466.8,5422.4,213
Ireland,1356870,2011,O3,392,930.1,912.3,9
Italy,17888649,2011,O3,4002,7483.6,7166.6,1436
Latvia,683537,2011,O3,138,2454.4,2346.4,24
Lithuania,972062,2011,O3,181,2886.0,2871.3,40
Luxembourg,92540,2011,O3,28,3208.3,3200.6,2
Malta,256418,2011,O3,57,7068.8,6974.7,16
Netherlands,7799960,2011,O3,1885,2195.8,2137.7,151
Poland,11382687,2011,O3,2178,3694.5,3624.6,443
Portugal,3367717,2011,O3,712,3889.4,3951.4,145
Romania,6528709,2011,O3,849,2357.2,2195.2,202
Slovakia,747818,2011,O3,159,5864.5,5878.8,44
Slovenia,297204,2011,O3,76,6430.5,6243.6,18
Spain,22935842,2011,O3,2439,5453.4,5377.1,1152
Sweden,2801066,2011,O3,778,2423.0,2400.7,70
Austria,2456627,2011,PM2.5,446,20.5,21.6,2503
Belgium,3191601,2011,PM2.5,745,18.1,18.4,2737
Bulgaria,2885947,2011,PM2.5,384,36.9,37.6,9000
Croatia,1094653,2011,PM2.5,195,23.4,23.4,1607
Cyprus,479137,2011,PM2.5,131,24.2,24.2,396
Czechia,2533698,2011,PM2.5,536,21.2,21.3,2844
Denmark,1531725,2011,PM2.5,400,14.6,14.6,978
Estonia,511334,2011,PM2.5,103,8.9,9.0,160
Finland,1219955,2011,PM2.5,427,8.8,8.8,300
France,21893599,2011,PM2.5,4382,17.7,18.3,16412
Germany,24776402,2011,PM2.5,6769,16.7,16.9,21945
Greece,5098841,2011,PM2.5,557,21.4,21.3,5756
Hungary,2754426,2011,PM2.5,577,25.5,25.9,4954
Ireland,1356870,2011,PM2.5,392,9.9,9.9,279
Italy,17888649,2011,PM2.5,4002,24.0,24.0,23043
Latvia,683537,2011,PM2.5,138,13.7,13.7,566
Lithuania,972062,2011,PM2.5,181,15.6,15.7,927
Luxembourg,92540,2011,PM2.5,28,14.4,14.4,44
Malta,256418,2011,PM2.5,57,15.8,15.9,154
Netherlands,7799960,2011,PM2.5,1885,17.7,17.8,5618
Poland,11382687,2011,PM2.5,2178,27.9,27.9,16706
Portugal,3367717,2011,PM2.5,712,13.2,13.1,1894
Romania,6528709,2011,PM2.5,849,24.3,24.8,10771
Slovakia,747818,2011,PM2.5,159,25.6,25.8,964
Slovenia,297204,2011,PM2.5,76,22.4,22.6,311
Spain,22935842,2011,PM2.5,2439,13.3,13.5,11430
Sweden,2801066,2011,PM2.5,778,9.6,9.8,911
Austria,2466292,2012,O3,446,5075.5,5201.9,133
Belgium,3213435,2012,O3,745,1939.6,1933.6,65
Bulgaria,2869419,2012,O3,384,5119.9,5042.1,244
Croatia,1091113,2012,O3,195,6454.9,6439.1,93
Cyprus,491839,2012,O3,131,7701.7,7715.6,28
Czechia,2538217,2012,O3,536,4491.8,4471.3,129
Denmark,1537204,2012,O3,400,2539.7,2549.7,41
Estonia,509626,2012,O3,103,1924.2,1936.1,13
Finland,1225856,2012,O3,427,1590.8,1582.4,21
France,21994132,2012,O3,4382,3276.1,3117.5,654
Germany,24809148,2012,O3,6769,3043.3,3060.2,923
Greece,5081887,2012,O3,557,9681.8,9776.5,593
Hungary,2739586,2012,O3,577,6238.5,6202.0,248
Ireland,1362334,2012,O3,392,1019.0,992.8,10
Italy,17897547,2012,O3,4002,7124.3,6852.7,1420
Latvia,673722,2012,O3,138,2838.9,2761.9,29
Lithuania,956476,2012,O3,181,2654.3,2636.1,37
Luxembourg,94893,2012,O3,28,2285.1,2282.6,2
Malta,257998,2012,O3,57,7973.3,7891.1,19
Netherlands,7834874,2012,O3,1885,1868.2,1827.8,134
Poland,11383003,2012,O3,2178,3829.5,3771.2,476
Portugal,3358056,2012,O3,712,3515.0,3600.8,138
Romania,6495398,2012,O3,849,3222.2,3198.4,298
Slovakia,749464,2012,O3,159,6088.3,6037.3,48
Slovenia,297973,2012,O3,76,6324.4,6117.8,19
Spain,23010076,2012,O3,2439,5471.4,5265.0,1176
Sweden,2821082,2012,O3,778,2122.8,2126.3,65
Austria,2466292,2012,PM2.5,446,16.8,17.4,1983
Belgium,3213435,2012,PM2.5,745,16.2,16.5,2483
Bulgaria,2869419,2012,PM2.5,384,29.9,30.3,7251
Croatia,1091113,2012,PM2.5,195,17.4,17.4,1128
Cyprus,491839,2012,PM2.5,131,26.6,26.6,461
Czechia,2538217,2012,PM2.5,536,19.7,19.8,2630
Denmark,1537204,2012,PM2.5,400,10.4,10.4,554
Estonia,509626,2012,PM2.5,103,8.4,8.4,142
Finland,1225856,2012,PM2.5,427,8.1,8.1,256
France,21994132,2012,PM2.5,4382,16.4,17.1,15737
Germany,24809148,2012,PM2.5,6769,14.1,14.2,17531
Greece,5081887,2012,PM2.5,557,20.5,20.9,5924
Hungary,2739586,2012,PM2.5,577,20.2,20.3,3748
Ireland,1362334,2012,PM2.5,392,9.0,9.1,239
Italy,17897547,2012,PM2.5,4002,21.7,21.6,20950
Latvia,673722,2012,PM2.5,138,14.8,15.0,655
Lithuania,956476,2012,PM2.5,181,14.0,14.0,780
Luxembourg,94893,2012,PM2.5,28,13.4,13.4,40
Malta,257998,2012,PM2.5,57,12.5,12.5,113
Netherlands,7834874,2012,PM2.5,1885,14.0,14.0,4154
Poland,11383003,2012,PM2.5,2178,26.3,26.5,16159
Portugal,3358056,2012,PM2.5,712,11.7,11.7,1635
Romania,6495398,2012,PM2.5,849,23.5,24.0,10539
Slovakia,749464,2012,PM2.5,159,21.4,21.7,805
Slovenia,297973,2012,PM2.5,76,19.5,19.7,272
Spain,23010076,2012,PM2.5,2439,12.8,13.1,11395
Sweden,2821082,2012,PM2.5,778,8.1,8.3,644
Austria,2479123,2013,NO2,446,27.7,28.9,802
Belgium,3231447,2013,NO2,745,28.9,31.6,1230
Bulgaria,2852709,2013,NO2,384,21.3,22.6,967
Croatia,1087582,2013,NO2,195,22.3,23.4,315
Cyprus,494045,2013,NO2,131,14.4,15.0,27
Czechia,2540800,2013,NO2,536,22.6,23.7,661
Denmark,1543296,2013,NO2,400,19.7,21.0,299
Estonia,507686,2013,NO2,103,14.0,15.1,55
Finland,1231620,2013,NO2,427,15.6,16.5,137
France,22103096,2013,NO2,4382,25.5,29.8,6790
Germany,24869626,2013,NO2,6769,25.6,27.0,8729
Greece,5043935,2013,NO2,557,22.9,26.1,1565
Hungary,2733206,2013,NO2,577,22.4,23.7,879
Ireland,1368416,2013,NO2,392,19.7,20.8,173
Italy,17985237,2013,NO2,4002,31.4,33.4,7812
Latvia,666806,2013,NO2,138,21.0,22.1,207
Lithuania,946370,2013,NO2,181,17.6,18.3,194
Luxembourg,97096,2013,NO2,28,28.7,29.4,24
Malta,261064,2013,NO2,57,16.1,17.0,26
Netherlands,7857924,2013,NO2,1885,24.4,25.5,1891
Poland,11382625,2013,NO2,2178,21.3,22.5,2630
Portugal,3340502,2013,NO2,712,22.2,23.8,868
Romania,6470856,2013,NO2,849,24.0,26.0,2345
Slovakia,750367,2013,NO2,159,20.4,21.1,145
Slovenia,298455,2013,NO2,76,25.6,26.9,85
Spain,22965690,2013,NO2,2439,21.4,24.9,5274
Sweden,2842808,2013,NO2,778,14.4,15.7,283
Austria,2479123,2013,O3,446,4889.3,4953.6,127
Belgium,3231447,2013,O3,745,2474.7,2435.7,85
Bulgaria,2852709,2013,O3,384,3720.7,3672.7,170
Croatia,1087582,2013,O3,195,5591.6,5585.5,79
Cyprus,494045,2013,O3,131,7654.3,7677.4,25
Czechia,2540800,2013,O3,536,3982.0,3948.1,118
Denmark,1543296,2013,O3,400,2512.9,2476.0,41
Estonia,507686,2013,O3,103,2436.7,2453.3,16
Finland,1231620,2013,O3,427,1956.4,1955.8,26
France,22103096,2013,O3,4382,3847.9,3770.1,792
Germany,24869626,2013,O3,6769,3301.0,3308.3,1021
Greece,5043935,2013,O3,557,8924.5,8930.6,520
Hungary,2733206,2013,O3,577,4393.3,4342.7,167
Ireland,1368416,2013,O3,392,1616.3,1578.5,16
Italy,17985237,2013,O3,4002,6672.9,6490.7,1329
Latvia,666806,2013,O3,138,2568.0,2541.5,26
Lithuania,946370,2013,O3,181,2619.5,2609.0,37
Luxembourg,97096,2013,O3,28,2978.8,2976.4,2
Malta,261064,2013,O3,57,7411.4,7357.1,16
Netherlands,7857924,2013,O3,1885,2354.8,2315.0,172
Poland,11382625,2013,O3,2178,3559.5,3512.2,452
Portugal,3340502,2013,O3,712,4726.4,4859.0,185
Romania,6470856,2013,O3,849,1693.0,1623.5,149
Slovakia,750367,2013,O3,159,5079.8,5019.6,39
Slovenia,298455,2013,O3,76,5905.6,5722.7,18
Spain,22965690,2013,O3,2439,5824.9,5763.2,1241
Sweden,2842808,2013,O3,778,2082.4,2046.4,61
Austria,2479123,2013,PM2.5,446,17.6,18.3,2114
Belgium,3231447,2013,PM2.5,745,16.8,17.1,2619
Bulgaria,2852709,2013,PM2.5,384,26.5,27.0,6084
Croatia,1087582,2013,PM2.5,195,18.0,18.1,1153
Cyprus,494045,2013,PM2.5,131,17.1,17.1,243
Czechia,2540800,2013,PM2.5,536,20.3,20.4,2770
Denmark,1543296,2013,PM2.5,400,9.8,9.8,501
Estonia,507686,2013,PM2.5,103,8.3,8.3,136
Finland,1231620,2013,PM2.5,427,6.8,6.9,155
France,22103096,2013,PM2.5,4382,16.0,16.6,15090
Germany,24869626,2013,PM2.5,6769,14.8,14.9,19261
Greece,5043935,2013,PM2.5,557,19.8,20.1,5373
Hungary,2733206,2013,PM2.5,577,19.3,19.5,3483
Ireland,1368416,2013,PM2.5,392,9.9,9.9,298
Italy,17985237,2013,PM2.5,4002,20.4,20.5,19294
Latvia,666806,2013,PM2.5,138,14.9,15.2,663
Lithuania,946370,2013,PM2.5,181,15.3,15.4,914
Luxembourg,97096,2013,PM2.5,28,15.0,15.0,47
Malta,261064,2013,PM2.5,57,12.5,12.6,108
Netherlands,7857924,2013,PM2.5,1885,14.5,14.4,4371
Poland,11382625,2013,PM2.5,2178,24.8,24.8,15179
Portugal,3340502,2013,PM2.5,712,11.5,11.5,1575
Romania,6470856,2013,PM2.5,849,19.3,19.6,7992
Slovakia,750367,2013,PM2.5,159,20.8,20.9,771
Slovenia,298455,2013,PM2.5,76,18.8,19.1,263
Spain,22965690,2013,PM2.5,2439,11.3,11.3,8628
Sweden,2842808,2013,PM2.5,778,6.2,6.3,260
Austria,2495527,2014,NO2,446,26.0,28.5,771
Belgium,3243878,2014,NO2,745,26.1,28.5,1014
Bulgaria,2837485,2014,NO2,384,20.5,22.1,967
Croatia,1083669,2014,NO2,195,22.9,24.0,333
Cyprus,489550,2014,NO2,131,17.4,18.0,46
Czechia,2539901,2014,NO2,536,21.9,23.0,608
Denmark,1550073,2014,NO2,400,17.1,18.9,233
Estonia,506012,2014,NO2,103,13.0,13.7,41
Finland,1237204,2014,NO2,427,15.2,16.0,130
France,22293595,2014,NO2,4382,23.9,28.0,6070
Germany,24944888,2014,NO2,6769,24.8,26.4,8168
Greece,5008730,2014,NO2,557,20.7,24.0,1378
Hungary,2724534,2014,NO2,577,23.7,25.3,982
Ireland,1376750,2014,NO2,392,12.4,13.2,57
Italy,18315934,2014,NO2,4002,29.3,31.8,7253
Latvia,659439,2014,NO2,138,17.8,18.9,150
Lithuania,937315,2014,NO2,181,17.4,18.3,188
Luxembourg,99382,2014,NO2,28,25.1,25.8,20
Malta,265337,2014,NO2,57,17.3,18.2,31
Netherlands,7881198,2014,NO2,1885,24.7,26.0,1903
Poland,11369262,2014,NO2,2178,19.8,21.1,2282
Portugal,3321394,2014,NO2,712,20.8,22.1,751
Romania,6447340,2014,NO2,849,21.3,23.4,2044
Slovakia,751077,2014,NO2,159,19.4,20.2,132
Slovenia,298783,2014,NO2,76,22.1,23.5,67
Spain,22859671,2014,NO2,2439,21.9,25.8,5670
Sweden,2869278,2014,NO2,778,14.4,15.8,286
Austria,2495527,2014,O3,446,3981.8,4031.1,103
Belgium,3243878,2014,O3,745,2240.9,2222.7,73
Bulgaria,2837485,2014,O3,384,2060.4,2005.4,97
Croatia,1083669,2014,O3,195,4150.9,4116.3,60
Cyprus,489550,2014,O3,131,4863.5,4863.4,17
Czechia,2539901,2014,O3,536,3594.7,3569.3,99
Denmark,1550073,2014,O3,400,2474.3,2448.5,39
Estonia,506012,2014,O3,103,1910.8,1938.3,13
Finland,1237204,2014,O3,427,1577.3,1577.6,21
France,22293595,2014,O3,4382,3519.0,3406.7,708
Germany,24944888,2014,O3,6769,3052.5,3077.2,924
Greece,5008730,2014,O3,557,6269.8,6285.0,372
Hungary,2724534,2014,O3,577,3431.0,3386.9,131
Ireland,1205329,2014,O3,347,256.3,190.3,1
Italy,18315934,2014,O3,4002,5633.6,5481.7,1118
Latvia,659439,2014,O3,138,2183.2,2124.2,22
Lithuania,937315,2014,O3,181,2352.4,2358.1,34
Luxembourg,99382,2014,O3,28,2691.0,2687.6,2
Malta,265337,2014,O3,57,6946.6,6883.5,16
Netherlands,7881198,2014,O3,1885,2196.8,2171.4,158
Poland,11369262,2014,O3,2178,3311.6,3281.5,407
Portugal,3321394,2014,O3,712,3324.2,3445.1,129
Romania,6447340,2014,O3,849,1132.1,1023.1,97
Slovakia,751077,2014,O3,159,4397.5,4344.6,34
Slovenia,298783,2014,O3,76,4504.1,4331.8,13
Spain,22859671,2014,O3,2439,5369.1,5361.7,1171
Sweden,2869278,2014,O3,778,2238.6,2247.8,67
Austria,2495527,2014,PM2.5,446,14.2,14.5,1516
Belgium,3243878,2014,PM2.5,745,13.7,14.1,1906
Bulgaria,2837485,2014,PM2.5,384,26.7,27.1,6406
Croatia,1083669,2014,PM2.5,195,16.5,16.5,1026
Cyprus,489550,2014,PM2.5,131,17.3,17.3,262
Czechia,2539901,2014,PM2.5,536,19.4,19.6,2532
Denmark,1550073,2014,PM2.5,400,11.6,11.6,660
Estonia,506012,2014,PM2.5,103,9.0,9.0,166
Finland,1237204,2014,PM2.5,427,8.1,8.2,264
France,22293595,2014,PM2.5,4382,12.2,12.5,9781
Germany,24944888,2014,PM2.5,6769,14.0,14.2,17439
Greece,5008730,2014,PM2.5,557,17.3,17.8,4693
Hungary,2724534,2014,PM2.5,577,17.8,17.8,3088
Ireland,1376750,2014,PM2.5,392,10.2,10.2,314
Italy,18315934,2014,PM2.5,4002,17.5,17.4,15672
Latvia,659439,2014,PM2.5,138,16.1,16.4,726
Lithuania,937315,2014,PM2.5,181,16.3,16.4,976
Luxembourg,99382,2014,PM2.5,28,12.3,12.3,35
Malta,265337,2014,PM2.5,57,12.0,12.0,101
Netherlands,7881198,2014,PM2.5,1885,13.8,13.9,4051
Poland,11369262,2014,PM2.5,2178,25.1,25.2,15060
Portugal,3321394,2014,PM2.5,712,9.6,9.6,1109
Romania,6447340,2014,PM2.5,849,18.3,18.6,7729
Slovakia,751077,2014,PM2.5,159,18.8,19.0,673
Slovenia,298783,2014,PM2.5,76,16.5,16.7,218
Spain,22859671,2014,PM2.5,2439,11.0,11.1,8458
Sweden,2869278,2014,PM2.5,778,7.7,7.8,532
Austria,2518154,2015,NO2,446,26.3,27.4,771
Belgium,3260255,2015,NO2,745,26.1,28.4,1065
Bulgaria,2820457,2015,NO2,384,20.1,21.3,917
Croatia,1078184,2015,NO2,195,24.8,25.8,401
Cyprus,483278,2015,NO2,131,19.2,19.9,61
Czechia,2546149,2015,NO2,536,21.4,22.4,609
Denmark,1559021,2015,NO2,400,17.3,18.2,224
Estonia,505646,2015,NO2,103,12.4,13.2,35
Finland,1241852,2015,NO2,427,14.1,15.2,112
France,22392050,2015,NO2,4382,24.3,28.7,6674
Germany,25077724,2015,NO2,6769,25.0,26.5,8728
Greece,4977195,2015,NO2,557,24.9,28.0,1872
Hungary,2718525,2015,NO2,577,24.9,26.6,1107
Ireland,1388559,2015,NO2,392,13.3,14.0,71
Italy,18319844,2015,NO2,4002,33.5,36.0,9329
Latvia,654375,2015,NO2,138,19.9,20.7,181
Lithuania,930242,2015,NO2,181,17.6,18.3,197
Luxembourg,101783,2015,NO2,28,26.4,27.0,22
Malta,271681,2015,NO2,57,17.8,18.7,35
Netherlands,7914661,2015,NO2,1885,23.5,24.7,1856
Poland,11365602,2015,NO2,2178,20.0,21.1,2416
Portugal,3304679,2015,NO2,712,22.5,24.0,896
Romania,6422558,2015,NO2,849,19.9,21.4,1798
Slovakia,751826,2015,NO2,159,23.5,24.1,189
Slovenia,299043,2015,NO2,76,27.3,28.6,96
Spain,22828895,2015,NO2,2439,24.0,27.6,6764
Sweden,2899768,2015,NO2,778,15.5,16.8,343
Austria,2518154,2015,O3,446,5815.1,5912.1,159
Belgium,3260255,2015,O3,745,2560.2,2453.7,85
Bulgaria,2820457,2015,O3,384,3881.7,3823.0,189
Croatia,1078184,2015,O3,195,5978.6,5961.1,91
Cyprus,483278,2015,O3,131,5781.6,5779.1,22
Czechia,2546149,2015,O3,536,5324.6,5297.7,157
Denmark,1559021,2015,O3,400,2084.1,2101.8,35
Estonia,505646,2015,O3,103,1591.6,1584.3,10
Finland,1241852,2015,O3,427,1394.2,1386.1,19
France,22392050,2015,O3,4382,3803.5,3580.0,783
Germany,25077724,2015,O3,6769,3901.4,3913.7,1251
Greece,4977195,2015,O3,557,6697.3,6532.7,410
Hungary,2718525,2015,O3,577,5424.3,5307.3,215
Ireland,1070206,2015,O3,325,336.3,308.2,1
Italy,18319844,2015,O3,4002,6369.5,5895.2,1294
Latvia,654375,2015,O3,138,2374.7,2347.5,24
Lithuania,930242,2015,O3,181,2666.9,2675.0,38
Luxembourg,101783,2015,O3,28,2976.6,2974.3,2
Malta,271681,2015,O3,57,5601.3,5538.2,13
Netherlands,7914661,2015,O3,1885,2560.6,2480.8,193
Poland,11365602,2015,O3,2178,4408.0,4337.6,572
Portugal,3304679,2015,O3,712,3149.0,3182.2,122
Romania,6422558,2015,O3,849,2434.1,2323.1,221
Slovakia,751826,2015,O3,159,5294.7,5214.0,43
Slovenia,299043,2015,O3,76,5811.0,5715.9,18
Spain,22828895,2015,O3,2439,5556.2,5449.9,1273
Sweden,2899768,2015,O3,778,1853.1,1849.8,57
Austria,2518154,2015,PM2.5,446,15.0,15.3,1741
Belgium,3260255,2015,PM2.5,745,13.6,14.0,1980
Bulgaria,2820457,2015,PM2.5,384,27.5,27.6,6602
Croatia,1078184,2015,PM2.5,195,19.2,19.2,1339
Cyprus,483278,2015,PM2.5,131,18.7,18.8,318
Czechia,2546149,2015,PM2.5,536,17.7,17.8,2358
Denmark,1559021,2015,PM2.5,400,10.6,10.6,585
Estonia,505646,2015,PM2.5,103,7.2,7.2,94
Finland,1241852,2015,PM2.5,427,5.9,6.0,80
France,22392050,2015,PM2.5,4382,13.2,14.1,12423
Germany,25077724,2015,PM2.5,6769,13.1,13.3,16841
Greece,4977195,2015,PM2.5,557,21.2,22.5,6715
Hungary,2718525,2015,PM2.5,577,21.6,22.1,4234
Ireland,1388559,2015,PM2.5,392,7.6,7.7,175
Italy,18319844,2015,PM2.5,4002,20.6,20.6,21030
Latvia,654375,2015,PM2.5,138,14.2,14.3,602
Lithuania,930242,2015,PM2.5,181,13.3,13.5,765
Luxembourg,101783,2015,PM2.5,28,13.3,13.3,41
Malta,271681,2015,PM2.5,57,13.1,13.2,124
Netherlands,7914661,2015,PM2.5,1885,12.5,12.5,3655
Poland,11365602,2015,PM2.5,2178,23.8,24.0,15053
Portugal,3304679,2015,PM2.5,712,12.1,12.6,1867
Romania,6422558,2015,PM2.5,849,19.8,20.1,8828
Slovakia,751826,2015,PM2.5,159,19.1,19.3,716
Slovenia,299043,2015,PM2.5,76,21.7,21.9,324
Spain,22828895,2015,PM2.5,2439,13.6,13.8,12899
Sweden,2899768,2015,PM2.5,778,6.2,6.4,291
Austria,2552045,2016,NO2,446,24.5,27.7,763
Belgium,3281678,2016,NO2,745,25.8,28.7,1056
Bulgaria,2801499,2016,NO2,384,22.7,24.4,1140
Croatia,1069344,2016,NO2,195,21.7,23.0,313
Cyprus,484026,2016,NO2,131,29.3,29.8,113
Czechia,2549912,2016,NO2,536,19.6,20.9,522
Denmark,1572113,2016,NO2,400,14.9,17.5,206
Estonia,506059,2016,NO2,103,11.1,12.2,26
Finland,1245382,2016,NO2,427,12.4,13.2,74
France,22452840,2016,NO2,4382,22.5,27.1,6120
Germany,25379706,2016,NO2,6769,24.1,25.7,8203
Greece,4943152,2016,NO2,557,25.4,30.1,2024
Hungary,2711603,2016,NO2,577,21.8,23.7,888
Ireland,1403003,2016,NO2,392,17.7,18.9,151
Italy,18280650,2016,NO2,4002,27.9,30.9,7150
Latvia,648727,2016,NO2,138,18.1,19.3,158
Lithuania,919830,2016,NO2,181,16.5,17.4,175
Luxembourg,104186,2016,NO2,28,26.7,27.4,22
Malta,278307,2016,NO2,57,15.8,16.8,26
Netherlands,7951379,2016,NO2,1885,22.5,23.6,1734
Poland,11354117,2016,NO2,2178,19.7,21.1,2375
Portugal,3294011,2016,NO2,712,20.9,22.3,803
Romania,6386990,2016,NO2,849,23.1,25.7,2426
Slovakia,752507,2016,NO2,159,17.7,18.6,114
Slovenia,299233,2016,NO2,76,22.9,24.4,74
Spain,22824226,2016,NO2,2439,22.1,26.8,6243
Sweden,2930606,2016,NO2,778,14.4,15.9,299
Austria,2552045,2016,O3,446,4249.2,4282.7,113
Belgium,3281678,2016,O3,745,1924.2,1839.1,62
Bulgaria,2801499,2016,O3,384,2855.8,2811.7,138
Croatia,1069344,2016,O3,195,5199.4,5217.0,76
Cyprus,484026,2016,O3,131,5085.0,5076.1,18
Czechia,2549912,2016,O3,536,4276.4,4278.7,126
Denmark,1572113,2016,O3,400,2145.5,2143.5,36
Estonia,506059,2016,O3,103,1801.2,1813.3,12
Finland,1245382,2016,O3,427,1463.9,1461.2,20
France,22452840,2016,O3,4382,3033.8,2825.1,621
Germany,25379706,2016,O3,6769,3072.0,3075.7,969
Greece,4943152,2016,O3,557,7091.0,6990.5,433
Hungary,2711603,2016,O3,577,3858.6,3838.9,150
Ireland,1403003,2016,O3,392,881.8,828.3,7
Italy,18280650,2016,O3,4002,6117.3,5839.2,1221
Latvia,648727,2016,O3,138,2957.7,2986.6,31
Lithuania,919830,2016,O3,181,2362.2,2366.5,34
Luxembourg,104186,2016,O3,28,1560.7,1557.3,1
Malta,278307,2016,O3,57,5850.6,5797.2,13
Netherlands,7951379,2016,O3,1885,2347.0,2310.7,177
Poland,11354117,2016,O3,2178,3586.0,3554.4,458
Portugal,3294011,2016,O3,712,3261.4,3261.0,129
Romania,6386990,2016,O3,849,1902.7,1860.3,176
Slovakia,752507,2016,O3,159,3938.7,3928.9,32
Slovenia,299233,2016,O3,76,4235.5,4143.4,13
Spain,22824226,2016,O3,2439,4964.4,4818.9,1084
Sweden,2930606,2016,O3,778,1695.0,1709.2,52
Austria,2552045,2016,PM2.5,446,13.5,13.8,1445
Belgium,3281678,2016,PM2.5,745,13.1,13.5,1850
Bulgaria,2801499,2016,PM2.5,384,26.2,26.4,6132
Croatia,1069344,2016,PM2.5,195,21.6,21.8,1486
Cyprus,484026,2016,PM2.5,131,16.0,16.2,241
Czechia,2549912,2016,PM2.5,536,17.5,17.7,2270
Denmark,1572113,2016,PM2.5,400,10.1,10.0,531
Estonia,506059,2016,PM2.5,103,6.8,6.9,79
Finland,1245382,2016,PM2.5,427,6.6,6.7,143
France,22452840,2016,PM2.5,4382,12.4,13.1,11154
Germany,25379706,2016,PM2.5,6769,12.5,12.7,15382
Greece,4943152,2016,PM2.5,557,21.2,22.2,6454
Hungary,2711603,2016,PM2.5,577,18.7,18.8,3339
Ireland,1403003,2016,PM2.5,392,8.2,8.3,217
Italy,18280650,2016,PM2.5,4002,19.2,19.6,18647
Latvia,648727,2016,PM2.5,138,14.7,14.9,641
Lithuania,919830,2016,PM2.5,181,14.2,14.4,833
Luxembourg,104186,2016,PM2.5,28,12.3,12.3,37
Malta,278307,2016,PM2.5,57,11.4,11.4,94
Netherlands,7951379,2016,PM2.5,1885,11.3,11.3,3120
Poland,11354117,2016,PM2.5,2178,22.9,23.1,14126
Portugal,3294011,2016,PM2.5,712,10.2,10.6,1421
Romania,6386990,2016,PM2.5,849,18.9,19.3,8253
Slovakia,752507,2016,PM2.5,159,17.4,17.7,627
Slovenia,299233,2016,PM2.5,76,20.9,21.2,307
Spain,22824226,2016,PM2.5,2439,12.0,12.2,10342
Sweden,2930606,2016,PM2.5,778,6.4,6.6,310
Austria,2573279,2017,NO2,446,24.6,27.3,770
Belgium,3293463,2017,NO2,745,25.3,28.2,1043
Bulgaria,2781161,2017,NO2,384,23.4,25.1,1222
Croatia,1060041,2017,NO2,195,22.3,23.7,343
Cyprus,487725,2017,NO2,131,24.6,25.3,96
Czechia,2555946,2017,NO2,536,19.8,21.0,548
Denmark,1583550,2017,NO2,400,13.6,15.7,162
Estonia,505941,2017,NO2,103,9.5,10.2,10
Finland,1249012,2017,NO2,427,11.2,12.0,50
France,22510623,2017,NO2,4382,22.3,26.8,6149
Germany,25486593,2017,NO2,6769,23.6,25.1,8071
Greece,4936021,2017,NO2,557,30.3,35.4,2678
Hungary,2702522,2017,NO2,577,23.7,25.6,1047
Ireland,1420249,2017,NO2,392,15.6,16.8,115
Italy,18257710,2017,NO2,4002,28.1,30.9,7572
Latvia,642521,2017,NO2,138,17.2,18.1,140
Lithuania,906883,2017,NO2,181,15.0,15.9,138
Luxembourg,106792,2017,NO2,28,25.8,26.6,23
Malta,284413,2017,NO2,57,16.7,17.8,32
Netherlands,7999319,2017,NO2,1885,22.3,23.4,1734
Poland,11355841,2017,NO2,2178,19.5,20.9,2417
Portugal,3283894,2017,NO2,712,22.0,23.7,887
Romania,6349289,2017,NO2,849,24.4,27.2,2688
Slovakia,753767,2017,NO2,159,19.2,20.2,139
Slovenia,299481,2017,NO2,76,24.5,26.0,85
Spain,22867440,2017,NO2,2439,23.9,28.6,7167
Sweden,2973486,2017,NO2,778,10.4,11.6,110
Austria,2573279,2017,O3,446,5032.4,5063.5,138
Belgium,3293463,2017,O3,745,2226.5,2060.1,72
Bulgaria,2781161,2017,O3,384,3384.1,3285.1,162
Croatia,1060041,2017,O3,195,7089.9,7126.3,108
Cyprus,487725,2017,O3,131,5590.8,5580.2,21
Czechia,2555946,2017,O3,536,4030.5,3996.5,124
Denmark,1583550,2017,O3,400,1481.3,1452.2,25
Estonia,505941,2017,O3,103,1324.0,1320.0,9
Finland,1249012,2017,O3,427,1097.3,1101.2,15
France,22510623,2017,O3,4382,3414.9,3169.6,709
Germany,25486593,2017,O3,6769,2817.7,2791.9,894
Greece,4936021,2017,O3,557,3784.7,3426.2,222
Hungary,2702522,2017,O3,577,4744.6,4681.5,191
Ireland,1420249,2017,O3,392,953.3,910.9,9
Italy,18257710,2017,O3,4002,7444.3,7074.8,1557
Latvia,642521,2017,O3,138,1201.6,1187.9,12
Lithuania,906883,2017,O3,181,1239.4,1204.8,16
Luxembourg,106792,2017,O3,28,2455.2,2457.2,2
Malta,284413,2017,O3,57,6029.3,5958.0,15
Netherlands,7999319,2017,O3,1885,2184.9,2125.5,161
Poland,11355841,2017,O3,2178,2955.2,2897.9,388
Portugal,3283894,2017,O3,712,3072.3,3085.2,122
Romania,6349289,2017,O3,849,3625.7,3678.6,350
Slovakia,753767,2017,O3,159,4712.1,4679.4,38
Slovenia,299481,2017,O3,76,6317.9,6285.2,20
Spain,22867440,2017,O3,2439,5333.1,5061.7,1183
Sweden,2973486,2017,O3,778,1524.6,1536.9,48
Austria,2573279,2017,PM2.5,446,13.9,14.2,1565
Belgium,3293463,2017,PM2.5,745,12.9,13.4,1842
Bulgaria,2781161,2017,PM2.5,384,25.1,25.1,5915
Croatia,1060041,2017,PM2.5,195,19.1,19.0,1305
Cyprus,487725,2017,PM2.5,131,16.1,16.1,265
Czechia,2555946,2017,PM2.5,536,18.2,18.4,2479
Denmark,1583550,2017,PM2.5,400,9.2,9.2,447
Estonia,505941,2017,PM2.5,103,6.2,6.3,56
Finland,1249012,2017,PM2.5,427,5.8,5.9,87
France,22510623,2017,PM2.5,4382,11.7,12.3,10258
Germany,25486593,2017,PM2.5,6769,12.5,12.7,15750
Greece,4936021,2017,PM2.5,557,36.8,39.0,12510
Hungary,2702522,2017,PM2.5,577,19.8,19.9,3750
Ireland,1420249,2017,PM2.5,392,7.1,7.2,146
Italy,18257710,2017,PM2.5,4002,19.7,19.9,19997
Latvia,642521,2017,PM2.5,138,12.6,12.8,511
Lithuania,906883,2017,PM2.5,181,11.5,11.6,582
Luxembourg,106792,2017,PM2.5,28,10.7,10.7,31
Malta,284413,2017,PM2.5,57,11.8,11.8,107
Netherlands,7999319,2017,PM2.5,1885,11.4,11.4,3156
Poland,11355841,2017,PM2.5,2178,23.5,23.7,15136
Portugal,3283894,2017,PM2.5,712,10.4,11.1,1505
Romania,6349289,2017,PM2.5,849,19.2,19.2,8342
Slovakia,753767,2017,PM2.5,159,18.5,18.7,696
Slovenia,299481,2017,PM2.5,76,20.8,21.1,319
Spain,22867440,2017,PM2.5,2439,12.8,13.1,12007
Sweden,2973486,2017,PM2.5,778,5.4,5.6,162
Austria,2587771,2018,NO2,446,22.9,25.8,710
Belgium,3307057,2018,NO2,745,24.1,26.7,967
Bulgaria,2760865,2018,NO2,384,22.9,24.4,1156
Croatia,1047609,2018,NO2,195,19.0,20.2,253
Cyprus,493107,2018,NO2,131,28.3,28.8,113
Czechia,2563492,2018,NO2,536,20.0,21.3,568
Denmark,1592480,2018,NO2,400,13.5,15.3,151
Estonia,507286,2018,NO2,103,9.7,10.6,11
Finland,1251244,2018,NO2,427,13.6,14.3,100
France,22583544,2018,NO2,4382,20.9,25.1,5550
Germany,25570243,2018,NO2,6769,23.0,24.6,7993
Greece,4923630,2018,NO2,557,26.6,30.9,2138
Hungary,2697230,2018,NO2,577,22.1,24.1,946
Ireland,1433906,2018,NO2,392,17.4,18.5,146
Italy,18225936,2018,NO2,4002,25.2,27.9,6319
Latvia,637335,2018,NO2,138,18.5,19.5,166
Lithuania,894464,2018,NO2,181,16.6,17.5,171
Luxembourg,108842,2018,NO2,28,26.0,26.7,24
Malta,293931,2018,NO2,57,11.4,12.5,12
Netherlands,8045957,2018,NO2,1885,22.5,23.6,1779
Poland,11356956,2018,NO2,2178,20.4,21.8,2682
Portugal,3277985,2018,NO2,712,21.6,23.6,906
Romania,6313580,2018,NO2,849,24.9,27.7,2790
Slovakia,754846,2018,NO2,159,19.1,20.1,139
Slovenia,299624,2018,NO2,76,21.4,22.8,68
Spain,22931559,2018,NO2,2439,21.2,25.6,6052
Sweden,3010700,2018,NO2,778,11.3,12.7,152
Austria,2587771,2018,O3,446,6389.7,6470.4,175
Belgium,3307057,2018,O3,745,3996.6,3804.7,134
Bulgaria,2760865,2018,O3,384,3267.8,3168.0,153
Croatia,1047609,2018,O3,195,6439.9,6465.9,96
Cyprus,493107,2018,O3,131,6284.3,6266.0,23
Czechia,2563492,2018,O3,536,6690.9,6647.0,202
Denmark,1592480,2018,O3,400,3630.7,3588.4,62
Estonia,507286,2018,O3,103,2621.7,2598.4,17
Finland,1251244,2018,O3,427,2158.5,2170.8,29
France,22583544,2018,O3,4382,4910.2,4668.5,1050
Germany,25570243,2018,O3,6769,5314.1,5295.5,1745
Greece,4923630,2018,O3,557,7177.2,6952.6,433
Hungary,2697230,2018,O3,577,5735.6,5643.6,231
Ireland,1433906,2018,O3,392,2123.0,2066.9,21
Italy,18225936,2018,O3,4002,6560.1,6260.7,1342
Latvia,637335,2018,O3,138,2164.4,2118.4,22
Lithuania,894464,2018,O3,181,2892.5,2856.0,40
Luxembourg,108842,2018,O3,28,3837.6,3837.7,3
Malta,293931,2018,O3,57,5222.3,5145.6,13
Netherlands,8045957,2018,O3,1885,3511.8,3412.9,271
Poland,11356956,2018,O3,2178,4777.2,4722.5,648
Portugal,3277985,2018,O3,712,4087.6,4070.4,164
Romania,6313580,2018,O3,849,3248.8,3264.5,317
Slovakia,754846,2018,O3,159,5882.3,5796.0,48
Slovenia,299624,2018,O3,76,5547.2,5415.4,17
Spain,22931559,2018,O3,2439,5662.4,5505.1,1297
Sweden,3010700,2018,O3,778,3245.3,3249.4,98
Austria,2587771,2018,PM2.5,446,15.4,15.9,1863
Belgium,3307057,2018,PM2.5,745,13.1,13.5,1879
Bulgaria,2760865,2018,PM2.5,384,23.4,23.7,5474
Croatia,1047609,2018,PM2.5,195,20.0,20.4,1399
Cyprus,493107,2018,PM2.5,131,15.1,15.3,235
Czechia,2563492,2018,PM2.5,536,19.2,19.5,2697
Denmark,1592480,2018,PM2.5,400,11.4,11.3,686
Estonia,507286,2018,PM2.5,103,7.4,7.4,107
Finland,1251244,2018,PM2.5,427,7.8,7.9,251
France,22583544,2018,PM2.5,4382,11.8,12.4,10514
Germany,25570243,2018,PM2.5,6769,13.0,13.2,17158
Greece,4923630,2018,PM2.5,557,19.9,21.5,6237
Hungary,2697230,2018,PM2.5,577,19.4,19.5,3642
Ireland,1433906,2018,PM2.5,392,8.8,8.9,260
Italy,18225936,2018,PM2.5,4002,16.9,16.7,15605
Latvia,637335,2018,PM2.5,138,16.0,16.2,732
Lithuania,894464,2018,PM2.5,181,14.2,14.2,794
Luxembourg,108842,2018,PM2.5,28,10.7,10.7,31
Malta,293931,2018,PM2.5,57,12.6,12.6,124
Netherlands,8045957,2018,PM2.5,1885,12.1,12.1,3588
Poland,11356956,2018,PM2.5,2178,23.5,23.6,15494
Portugal,3277985,2018,PM2.5,712,10.5,11.1,1556
Romania,6313580,2018,PM2.5,849,19.0,19.2,8382
Slovakia,754846,2018,PM2.5,159,18.1,18.2,675
Slovenia,299624,2018,PM2.5,76,20.3,20.6,308
Spain,22931559,2018,PM2.5,2439,11.0,11.3,9480
Sweden,3010700,2018,PM2.5,778,6.6,6.8,371
Austria,2598479,2019,NO2,446,21.3,23.8,615
Belgium,3323576,2019,NO2,745,21.7,24.0,803
Bulgaria,2741289,2019,NO2,384,23.3,24.9,1184
Croatia,1040145,2019,NO2,195,20.1,21.3,273
Cyprus,499762,2019,NO2,131,25.3,25.7,102
Czechia,2573096,2019,NO2,536,18.8,20.0,503
Denmark,1599338,2019,NO2,400,12.0,13.7,103
Estonia,509473,2019,NO2,103,10.2,11.3,17
Finland,1252328,2019,NO2,427,12.2,13.1,71
France,22634625,2019,NO2,4382,19.8,23.7,5106
Germany,25640338,2019,NO2,6769,21.0,22.5,6731
Greece,4916041,2019,NO2,557,24.2,28.0,1920
Hungary,2695682,2019,NO2,577,21.8,23.8,920
Ireland,1455830,2019,NO2,392,16.8,18.0,137
Italy,18024849,2019,NO2,4002,25.6,27.9,6367
Latvia,632588,2019,NO2,138,15.5,16.3,110
Lithuania,889776,2019,NO2,181,14.7,15.6,126
Luxembourg,110992,2019,NO2,28,23.4,24.1,20
Malta,304965,2019,NO2,57,12.4,13.3,15
Netherlands,8093289,2019,NO2,1885,20.9,21.9,1550
Poland,11355795,2019,NO2,2178,18.6,19.9,2240
Portugal,3273395,2019,NO2,712,20.6,21.9,787
Romania,6275106,2019,NO2,849,25.3,27.8,2766
Slovakia,755859,2019,NO2,159,17.3,18.4,113
Slovenia,301657,2019,NO2,76,20.6,21.8,64
Spain,23068485,2019,NO2,2439,20.4,24.6,5547
Sweden,3043406,2019,NO2,778,10.2,11.4,93
Austria,2598479,2019,O3,446,5414.8,5446.1,147
Belgium,3323576,2019,O3,745,3102.3,2955.2,104
Bulgaria,2741289,2019,O3,384,2931.3,2833.9,137
Croatia,1040145,2019,O3,195,6173.7,6237.0,91
Cyprus,499762,2019,O3,131,4963.5,4932.1,20
Czechia,2573096,2019,O3,536,5217.1,5189.1,158
Denmark,1599338,2019,O3,400,3431.1,3424.3,57
Estonia,509473,2019,O3,103,2598.3,2596.5,17
Finland,1252328,2019,O3,427,2119.6,2146.2,28
France,22634625,2019,O3,4382,4398.5,4175.2,947
Germany,25640338,2019,O3,6769,4288.7,4270.8,1386
Greece,4916041,2019,O3,557,6685.8,6378.4,410
Hungary,2695682,2019,O3,577,4184.7,4114.9,166
Ireland,1455830,2019,O3,392,1654.5,1587.6,17
Italy,18024849,2019,O3,4002,6604.9,6345.3,1367
Latvia,632588,2019,O3,138,1953.9,1864.7,18
Lithuania,889776,2019,O3,181,3131.9,3088.2,41
Luxembourg,110992,2019,O3,28,3225.7,3224.1,3
Malta,304965,2019,O3,57,5532.5,5496.6,14
Netherlands,8093289,2019,O3,1885,3215.5,3165.0,250
Poland,11355795,2019,O3,2178,4203.4,4180.5,568
Portugal,3273395,2019,O3,712,2585.6,2650.7,104
Romania,6275106,2019,O3,849,2788.8,2748.8,261
Slovakia,755859,2019,O3,159,4566.5,4540.8,37
Slovenia,301657,2019,O3,76,4974.9,4830.8,16
Spain,23068485,2019,O3,2439,5614.3,5456.2,1257
Sweden,3043406,2019,O3,778,3014.2,3025.5,88
Austria,2598479,2019,PM2.5,446,13.4,13.5,1442
Belgium,3323576,2019,PM2.5,745,11.1,11.3,1384
Bulgaria,2741289,2019,PM2.5,384,20.9,21.2,4794
Croatia,1040145,2019,PM2.5,195,16.1,16.1,1017
Cyprus,499762,2019,PM2.5,131,15.1,15.3,253
Czechia,2573096,2019,PM2.5,536,15.2,15.2,1939
Denmark,1599338,2019,PM2.5,400,10.0,9.9,524
Estonia,509473,2019,PM2.5,103,6.3,6.3,58
Finland,1252328,2019,PM2.5,427,6.2,6.1,97
France,22634625,2019,PM2.5,4382,10.7,11.0,8550
Germany,25640338,2019,PM2.5,6769,10.7,10.9,12138
Greece,4916041,2019,PM2.5,557,17.5,18.1,5274
Hungary,2695682,2019,PM2.5,577,15.0,15.1,2545
Ireland,1455830,2019,PM2.5,392,8.7,8.8,248
Italy,18024849,2019,PM2.5,4002,15.6,15.4,14005
Latvia,632588,2019,PM2.5,138,13.2,13.3,532
Lithuania,889776,2019,PM2.5,181,14.4,14.4,787
Luxembourg,110992,2019,PM2.5,28,8.5,8.5,19
Malta,304965,2019,PM2.5,57,12.3,12.4,119
Netherlands,8093289,2019,PM2.5,1885,10.8,10.8,2886
Poland,11355795,2019,PM2.5,2178,20.2,20.3,12788
Portugal,3273395,2019,PM2.5,712,9.6,10.0,1268
Romania,6275106,2019,PM2.5,849,17.2,17.4,7235
Slovakia,755859,2019,PM2.5,159,15.1,15.2,519
Slovenia,301657,2019,PM2.5,76,17.2,17.5,250
Spain,23068485,2019,PM2.5,2439,10.7,10.9,8630
Sweden,3043406,2019,PM2.5,778,5.9,6.1,225
Austria,2610884,2020,NO2,446,18.3,20.3,508
Belgium,3342989,2020,NO2,745,16.9,18.5,576
Bulgaria,2722272,2020,NO2,384,20.7,21.9,1108
Croatia,1035532,2020,NO2,195,17.8,18.8,237
Cyprus,506670,2020,NO2,131,24.6,24.9,102
Czechia,2583762,2020,NO2,536,16.0,17.0,406
Denmark,1603933,2020,NO2,400,9.4,10.7,39
Estonia,511071,2020,NO2,103,7.6,8.5,1
Finland,1254004,2020,NO2,427,8.7,9.4,7
France,22682719,2020,NO2,4382,15.6,18.5,3505
Germany,25685956,2020,NO2,6769,18.1,19.3,5272
Greece,4913270,2020,NO2,557,20.9,24.1,1581
Hungary,2694789,2020,NO2,577,20.0,21.6,844
Ireland,1473699,2020,NO2,392,11.6,12.3,45
Italy,17972062,2020,NO2,4002,22.3,24.1,5916
Latvia,628538,2020,NO2,138,13.5,14.5,84
Lithuania,889748,2020,NO2,181,13.4,14.0,103
Luxembourg,113200,2020,NO2,28,20.1,20.6,16
Malta,317944,2020,NO2,57,11.6,12.3,11
Netherlands,8152025,2020,NO2,1885,17.3,18.1,1180
Poland,11351401,2020,NO2,2178,16.9,17.9,2108
Portugal,3279540,2020,NO2,712,17.6,18.9,650
Romania,6247436,2020,NO2,849,19.6,21.8,2138
Slovakia,756891,2020,NO2,159,13.9,14.7,71
Slovenia,303825,2020,NO2,76,17.3,18.3,52
Spain,23262880,2020,NO2,2439,16.1,19.3,4242
Sweden,3072385,2020,NO2,778,8.0,8.9,34
Austria,2610884,2020,O3,446,4244.7,4282.5,127
Belgium,3342989,2020,O3,745,3583.8,3519.2,143
Bulgaria,2722272,2020,O3,384,2585.6,2514.8,141
Croatia,1035532,2020,O3,195,4591.9,4581.2,75
Cyprus,506670,2020,O3,131,5966.6,5945.4,25
Czechia,2583762,2020,O3,536,4203.2,4186.6,146
Denmark,1603933,2020,O3,400,2112.4,2068.2,35
Estonia,511071,2020,O3,103,1363.3,1357.7,9
Finland,1254004,2020,O3,427,1299.3,1253.8,19
France,22682719,2020,O3,4382,4201.4,4178.7,1040
Germany,25685956,2020,O3,6769,4028.0,4012.1,1365
Greece,4913270,2020,O3,557,6237.0,6127.8,414
Hungary,2694789,2020,O3,577,4076.0,4054.1,179
Ireland,1473699,2020,O3,392,1387.9,1329.1,13
Italy,17972062,2020,O3,4002,6212.9,5965.8,1505
Latvia,628538,2020,O3,138,1668.0,1645.9,18
Lithuania,889748,2020,O3,181,1972.3,1956.1,31
Luxembourg,113200,2020,O3,28,4115.0,4118.5,4
Malta,317944,2020,O3,57,6466.5,6434.5,18
Netherlands,8152025,2020,O3,1885,3349.1,3274.2,287
Poland,11351401,2020,O3,2178,3074.8,3046.7,485
Portugal,3279540,2020,O3,712,3207.9,3250.1,143
Romania,6247436,2020,O3,849,2672.4,2622.9,286
Slovakia,756891,2020,O3,159,3888.2,3865.1,35
Slovenia,303825,2020,O3,76,4502.3,4332.6,16
Spain,23262880,2020,O3,2439,4516.5,4443.6,1215
Sweden,3072385,2020,O3,778,2170.7,2176.8,70
Austria,2610884,2020,PM2.5,446,11.3,11.3,1195
Belgium,3342989,2020,PM2.5,745,9.4,9.7,1210
Bulgaria,2722272,2020,PM2.5,384,19.3,19.6,5055
Croatia,1035532,2020,PM2.5,195,16.6,16.8,1197
Cyprus,506670,2020,PM2.5,131,14.5,14.6,246
Czechia,2583762,2020,PM2.5,536,13.4,13.6,1888
Denmark,1603933,2020,PM2.5,400,8.0,8.0,324
Estonia,511071,2020,PM2.5,103,5.8,6.0,41
Finland,1254004,2020,PM2.5,427,5.4,5.5,49
France,22682719,2020,PM2.5,4382,9.5,9.8,7625
Germany,25685956,2020,PM2.5,6769,9.6,9.7,10384
Greece,4913270,2020,PM2.5,557,15.7,16.4,4815
Hungary,2694789,2020,PM2.5,577,15.6,15.8,2971
Ireland,1473699,2020,PM2.5,392,7.7,7.6,181
Italy,17972062,2020,PM2.5,4002,16.6,16.3,17865
Latvia,628538,2020,PM2.5,138,11.1,11.3,425
Lithuania,889748,2020,PM2.5,181,10.9,11.0,582
Luxembourg,113200,2020,PM2.5,28,7.6,7.6,16
Malta,317944,2020,PM2.5,57,10.2,10.2,95
Netherlands,8152025,2020,PM2.5,1885,9.2,9.2,2368
Poland,11351401,2020,PM2.5,2178,17.9,18.0,12836
Portugal,3279540,2020,PM2.5,712,9.7,9.6,1293
Romania,6247436,2020,PM2.5,849,17.2,17.5,8459
Slovakia,756891,2020,PM2.5,159,15.2,15.3,591
Slovenia,303825,2020,PM2.5,76,16.1,16.3,267
Spain,23262880,2020,PM2.5,2439,10.5,10.8,10107
Sweden,3072385,2020,PM2.5,778,5.1,5.3,125
Austria,2620152,2021,NO2,446,18.5,20.7,529
Belgium,3352370,2021,NO2,745,18.4,20.5,711
Bulgaria,2708595,2021,NO2,384,21.5,22.8,1423
Croatia,1029966,2021,NO2,195,16.9,17.9,212
Cyprus,511235,2021,NO2,131,26.9,27.4,131
Czechia,2535656,2021,NO2,536,16.8,17.8,498
Denmark,1608692,2021,NO2,400,9.3,10.8,41
Estonia,511491,2021,NO2,103,9.3,10.2,8
Finland,1255934,2021,NO2,427,10.0,10.8,27
France,22796061,2021,NO2,4382,16.4,19.7,4022
Germany,25682425,2021,NO2,6769,17.8,19.1,5344
Greece,4894970,2021,NO2,557,22.4,25.9,1770
Hungary,2684098,2021,NO2,577,20.3,22.1,974
Ireland,1486132,2021,NO2,392,12.4,13.2,60
Italy,17849947,2021,NO2,4002,22.3,24.5,6010
Latvia,623775,2021,NO2,138,13.6,14.6,103
Lithuania,890254,2021,NO2,181,14.3,15.0,143
Luxembourg,114759,2021,NO2,28,17.8,18.3,12
Malta,318893,2021,NO2,57,10.9,11.8,9
Netherlands,8183787,2021,NO2,1885,16.9,17.9,1161
Poland,11316073,2021,NO2,2178,17.6,18.7,2526
Portugal,3280288,2021,NO2,712,15.0,16.4,474
Romania,6206337,2021,NO2,849,23.4,25.7,2809
Slovakia,757156,2021,NO2,159,15.3,16.1,118
Slovenia,305726,2021,NO2,76,17.7,18.9,56
Spain,23295358,2021,NO2,2439,16.1,19.6,3997
Sweden,3087768,2021,NO2,778,8.4,9.4,36
Austria,2620152,2021,O3,446,4382.3,4453.5,132
Belgium,3352370,2021,O3,745,2069.6,2043.3,82
Bulgaria,2708595,2021,O3,384,2204.9,2107.7,141
Croatia,1029966,2021,O3,195,5216.5,5220.8,84
Cyprus,511235,2021,O3,131,7589.5,7548.6,35
Czechia,2535656,2021,O3,536,3527.4,3514.3,134
Denmark,1608692,2021,O3,400,1967.2,1915.0,32
Estonia,511491,2021,O3,103,1752.1,1747.3,12
Finland,1255934,2021,O3,427,1548.7,1513.4,22
France,22796061,2021,O3,4382,3173.5,3090.9,770
Germany,25682425,2021,O3,6769,2789.2,2806.4,990
Greece,4894970,2021,O3,557,8422.7,8335.6,562
Hungary,2684098,2021,O3,577,4773.6,4776.3,234
Ireland,1486132,2021,O3,392,1528.2,1483.9,17
Italy,17849947,2021,O3,4002,6232.3,5979.3,1496
Latvia,623775,2021,O3,138,1690.7,1626.4,21
Lithuania,890254,2021,O3,181,2357.0,2330.6,39
Luxembourg,114759,2021,O3,28,2219.7,2222.1,2
Malta,318893,2021,O3,57,6493.1,6438.0,18
Netherlands,8183787,2021,O3,1885,2244.3,2203.6,197
Poland,11316073,2021,O3,2178,3216.1,3201.9,557
Portugal,3280288,2021,O3,712,2806.0,2816.3,126
Romania,6206337,2021,O3,849,2838.7,2788.7,303
Slovakia,757156,2021,O3,159,4015.6,3971.2,44
Slovenia,305726,2021,O3,76,5254.4,5200.2,20
Spain,23295358,2021,O3,2439,4639.8,4554.0,1134
Sweden,3087768,2021,O3,778,1881.0,1871.6,60
Austria,2620152,2021,PM2.5,446,11.3,11.3,1199
Belgium,3352370,2021,PM2.5,745,10.8,11.1,1580
Bulgaria,2708595,2021,PM2.5,384,16.4,16.6,4856
Croatia,1029966,2021,PM2.5,195,16.2,16.5,1156
Cyprus,511235,2021,PM2.5,131,14.9,15.0,288
Czechia,2535656,2021,PM2.5,536,14.5,14.7,2311
Denmark,1608692,2021,PM2.5,400,8.3,8.2,354
Estonia,511491,2021,PM2.5,103,6.5,6.5,67
Finland,1255934,2021,PM2.5,427,6.0,6.0,98
France,22796061,2021,PM2.5,4382,10.5,10.8,9196
Germany,25682425,2021,PM2.5,6769,10.1,10.2,11891
Greece,4894970,2021,PM2.5,557,17.5,18.1,5495
Hungary,2684098,2021,PM2.5,577,15.4,15.5,3207
Ireland,1486132,2021,PM2.5,392,7.5,7.5,174
Italy,17849947,2021,PM2.5,4002,15.1,14.9,15687
Latvia,623775,2021,PM2.5,138,13.4,13.5,685
Lithuania,890254,2021,PM2.5,181,12.6,12.6,820
Luxembourg,114759,2021,PM2.5,28,7.7,7.7,16
Malta,318893,2021,PM2.5,57,11.6,11.7,121
Netherlands,8183787,2021,PM2.5,1885,9.8,9.8,2702
Poland,11316073,2021,PM2.5,2178,20.6,20.7,16734
Portugal,3280288,2021,PM2.5,712,8.6,8.5,1006
Romania,6206337,2021,PM2.5,849,15.8,15.9,7409
Slovakia,757156,2021,PM2.5,159,16.2,16.5,817
Slovenia,305726,2021,PM2.5,76,16.0,16.4,270
Spain,23295358,2021,PM2.5,2439,10.1,10.3,8474
Sweden,3087768,2021,PM2.5,778,6.2,6.3,288
